Year,Country,Link,Voted For,Juror A,Juror B,Juror C,Juror D,Juror E,Jury,Televoting,Jury points,Televoting points,Jury rank,Televoting rank
2024,Armenia,Armenia,Austria,13,10,5,11,10,11th,12th,0,0,11,12
2024,Armenia,Armenia,Croatia,3,9,4,10,16,6 points 5th,7 points 4th,6,7,5,4
2024,Armenia,Armenia,Cyprus,10,7,12,12,5,2 points 9th,4 points 7th,2,4,9,7
2024,Armenia,Armenia,Estonia,18,18,15,23,17,20th,16th,0,0,20,16
2024,Armenia,Armenia,Finland,8,22,24,19,24,18th,21st,0,0,18,21
2024,Armenia,Armenia,France,2,1,1,1,1,12 points 1st,12 points 1st,12,12,1,1
2024,Armenia,Armenia,Georgia,4,8,10,17,9,3 points 8th,5 points 6th,3,5,8,6
2024,Armenia,Armenia,Germany,9,12,19,3,13,1 point 10th,11th,1,0,10,11
2024,Armenia,Armenia,Greece,12,5,11,6,8,4 points 7th,10 points 2nd,4,10,7,2
2024,Armenia,Armenia,Ireland,25,25,23,25,25,25th,2 points 9th,0,2,25,9
2024,Armenia,Armenia,Israel,24,11,25,22,7,15th,1 point 10th,0,1,15,10
2024,Armenia,Armenia,Italy,6,2,2,7,2,8 points 3rd,6 points 5th,8,6,3,5
2024,Armenia,Armenia,Latvia,23,20,17,14,19,21st,17th,0,0,21,17
2024,Armenia,Armenia,Lithuania,22,15,20,18,21,22nd,14th,0,0,22,14
2024,Armenia,Armenia,Luxembourg,17,16,7,15,15,14th,13th,0,0,14,13
2024,Armenia,Armenia,Norway,14,17,9,16,18,16th,20th,0,0,16,20
2024,Armenia,Armenia,Portugal,5,3,3,2,3,10 points 2nd,19th,10,0,2,19
2024,Armenia,Armenia,Serbia,16,6,6,8,6,5 points 6th,24th,5,0,6,24
2024,Armenia,Armenia,Slovenia,21,19,14,20,14,19th,22nd,0,0,19,22
2024,Armenia,Armenia,Spain,20,24,22,21,22,24th,18th,0,0,24,18
2024,Armenia,Armenia,Sweden,11,13,16,5,11,12th,15th,0,0,12,15
2024,Armenia,Armenia,Switzerland,1,4,8,4,4,7 points 4th,8 points 3rd,7,8,4,3
2024,Armenia,Armenia,Ukraine,7,14,21,13,12,13th,3 points 8th,0,3,13,8
2024,Armenia,Armenia,United Kingdom,15,21,13,9,23,17th,23rd,0,0,17,23
2024,Albania,Albania,Armenia,4,3,5,5,1,8 points 3rd,1 point 10th,8,1,3,10
2024,Albania,Albania,Austria,25,26,25,24,24,26th,18th,0,0,26,18
2024,Albania,Albania,Croatia,9,9,6,7,21,3 points 8th,12 points 1st,3,12,8,1
2024,Albania,Albania,Cyprus,24,16,24,20,19,24th,5 points 6th,0,5,24,6
2024,Albania,Albania,Estonia,7,22,19,19,16,15th,23rd,0,0,15,23
2024,Albania,Albania,Finland,20,18,11,21,15,20th,21st,0,0,20,21
2024,Albania,Albania,France,13,15,17,14,4,13th,6 points 5th,0,6,13,5
2024,Albania,Albania,Georgia,14,10,16,18,22,18th,13th,0,0,18,13
2024,Albania,Albania,Germany,18,17,15,13,10,16th,16th,0,0,16,16
2024,Albania,Albania,Greece,5,2,12,8,3,7 points 4th,4 points 7th,7,4,4,7
2024,Albania,Albania,Ireland,19,21,13,3,17,12th,11th,0,0,12,11
2024,Albania,Albania,Israel,22,24,26,22,12,23rd,10 points 2nd,0,10,23,2
2024,Albania,Albania,Italy,3,6,3,1,2,10 points 2nd,8 points 3rd,10,8,2,3
2024,Albania,Albania,Latvia,16,13,21,23,18,22nd,24th,0,0,22,24
2024,Albania,Albania,Lithuania,21,12,20,15,23,21st,19th,0,0,21,19
2024,Albania,Albania,Luxembourg,6,20,4,6,11,4 points 7th,22nd,4,0,7,22
2024,Albania,Albania,Norway,11,19,2,4,6,6 points 5th,15th,6,0,5,15
2024,Albania,Albania,Portugal,2,4,10,10,13,5 points 6th,20th,5,0,6,20
2024,Albania,Albania,Serbia,8,7,9,9,14,1 point 10th,2 points 9th,1,2,10,9
2024,Albania,Albania,Slovenia,10,5,7,11,20,2 points 9th,17th,2,0,9,17
2024,Albania,Albania,Spain,23,23,18,26,25,25th,14th,0,0,25,14
2024,Albania,Albania,Sweden,12,14,23,12,26,19th,12th,0,0,19,12
2024,Albania,Albania,Switzerland,1,1,1,2,5,12 points 1st,3 points 8th,12,3,1,8
2024,Albania,Albania,Ukraine,17,11,22,16,9,14th,7 points 4th,0,7,14,4
2024,Albania,Albania,United Kingdom,15,8,8,25,7,11th,25th,0,0,11,25
2024,Australia,Australia,Armenia,14,21,9,14,5,14th,1 point 10th,0,1,14,10
2024,Australia,Australia,Austria,12,11,11,18,15,18th,15th,0,0,18,15
2024,Australia,Australia,Croatia,3,17,3,7,2,8 points 3rd,10 points 2nd,8,10,3,2
2024,Australia,Australia,Cyprus,4,15,10,3,13,6 points 5th,5 points 6th,6,5,5,6
2024,Australia,Australia,Estonia,23,25,18,26,8,21st,13th,0,0,21,13
2024,Australia,Australia,Finland,24,14,14,5,4,3 points 8th,4 points 7th,3,4,8,7
2024,Australia,Australia,France,25,20,22,13,24,26th,2 points 9th,0,2,26,9
2024,Australia,Australia,Georgia,2,22,21,16,16,12th,24th,0,0,12,24
2024,Australia,Australia,Germany,11,6,25,6,18,13th,19th,0,0,13,19
2024,Australia,Australia,Greece,10,12,6,25,23,16th,3 points 8th,0,3,16,8
2024,Australia,Australia,Ireland,1,3,2,2,1,12 points 1st,8 points 3rd,12,8,1,3
2024,Australia,Australia,Israel,20,8,24,11,26,20th,12 points 1st,0,12,20,1
2024,Australia,Australia,Italy,6,2,7,20,11,7 points 4th,14th,7,0,4,14
2024,Australia,Australia,Latvia,21,24,23,23,12,25th,21st,0,0,25,21
2024,Australia,Australia,Lithuania,19,10,16,19,22,22nd,12th,0,0,22,12
2024,Australia,Australia,Luxembourg,15,5,4,15,19,2 points 9th,16th,2,0,9,16
2024,Australia,Australia,Norway,7,23,26,21,10,17th,18th,0,0,17,18
2024,Australia,Australia,Portugal,5,19,13,10,14,15th,23rd,0,0,15,23
2024,Australia,Australia,Serbia,9,16,15,12,25,19th,22nd,0,0,19,22
2024,Australia,Australia,Slovenia,17,18,20,17,17,23rd,25th,0,0,23,25
2024,Australia,Australia,Spain,22,13,19,22,21,24th,11th,0,0,24,11
2024,Australia,Australia,Sweden,18,4,8,8,6,5 points 6th,20th,5,0,6,20
2024,Australia,Australia,Switzerland,8,1,12,1,3,10 points 2nd,7 points 4th,10,7,2,4
2024,Australia,Australia,Ukraine,16,9,17,4,9,1 point 10th,6 points 5th,1,6,10,5
2024,Australia,Australia,United Kingdom,13,7,5,9,7,4 points 7th,17th,4,0,7,17
2024,Austria,Austria,Armenia,6,3,10,4,20,7 points 5th,3 points 8th,7,3,5,8
2024,Austria,Austria,Croatia,2,7,4,19,5,8 points 3rd,12 points 1st,8,12,3,1
2024,Austria,Austria,Cyprus,22,23,15,23,23,23rd,16th,0,0,23,16
2024,Austria,Austria,Estonia,8,13,12,8,4,2 points 10th,12th,2,0,10,12
2024,Austria,Austria,Finland,15,24,17,9,6,15th,11th,0,0,15,11
2024,Austria,Austria,France,9,9,8,3,9,5 points 7th,6 points 5th,5,6,7,5
2024,Austria,Austria,Georgia,24,17,18,13,25,21st,19th,0,0,21,19
2024,Austria,Austria,Germany,11,4,20,15,12,13th,4 points 7th,0,4,13,7
2024,Austria,Austria,Greece,18,8,22,14,8,16th,13th,0,0,16,13
2024,Austria,Austria,Ireland,13,18,7,2,19,3 points 9th,2 points 9th,3,2,9,9
2024,Austria,Austria,Israel,10,16,16,10,18,18th,10 points 2nd,0,10,18,2
2024,Austria,Austria,Italy,3,2,2,12,17,10 points 2nd,1 point 10th,10,1,2,10
2024,Austria,Austria,Latvia,20,14,24,25,15,22nd,15th,0,0,22,15
2024,Austria,Austria,Lithuania,14,11,5,17,16,14th,18th,0,0,14,18
2024,Austria,Austria,Luxembourg,23,12,21,11,14,19th,20th,0,0,19,20
2024,Austria,Austria,Norway,19,25,11,21,1,1 point 11th,21st,1,0,11,21
2024,Austria,Austria,Portugal,17,15,23,6,21,17th,24th,0,0,17,24
2024,Austria,Austria,Serbia,21,19,25,18,24,24th,5 points 6th,0,5,24,6
2024,Austria,Austria,Slovenia,25,21,19,22,22,25th,22nd,0,0,25,22
2024,Austria,Austria,Spain,4,20,9,16,3,4 points 8th,14th,4,0,8,14
2024,Austria,Austria,Sweden,12,5,14,20,7,12th,17th,0,0,12,17
2024,Austria,Austria,Switzerland,1,1,1,1,2,12 points 1st,8 points 3rd,12,8,1,3
2024,Austria,Austria,Ukraine,5,10,6,5,11,6 points 6th,7 points 4th,6,7,6,4
2024,Austria,Austria,United Kingdom,16,22,13,24,13,20th,23rd,0,0,20,23
2024,Azerbaijan,Azerbaijan,Armenia,26,24,26,26,26,26th,25th,0,0,26,25
2024,Azerbaijan,Azerbaijan,Austria,14,20,20,9,16,20th,21st,0,0,20,21
2024,Azerbaijan,Azerbaijan,Croatia,4,1,13,24,17,4 points 7th,12 points 1st,4,12,7,1
2024,Azerbaijan,Azerbaijan,Cyprus,10,19,6,8,6,2 points 9th,6 points 5th,2,6,9,5
2024,Azerbaijan,Azerbaijan,Estonia,25,15,17,13,22,23rd,17th,0,0,23,17
2024,Azerbaijan,Azerbaijan,Finland,22,18,18,20,20,25th,20th,0,0,25,20
2024,Azerbaijan,Azerbaijan,France,15,6,12,23,8,15th,2 points 9th,0,2,15,9
2024,Azerbaijan,Azerbaijan,Georgia,1,21,22,2,9,7 points 4th,5 points 6th,7,5,4,6
2024,Azerbaijan,Azerbaijan,Germany,24,13,16,4,14,16th,14th,0,0,16,14
2024,Azerbaijan,Azerbaijan,Greece,5,11,24,15,19,17th,1 point 10th,0,1,17,10
2024,Azerbaijan,Azerbaijan,Ireland,7,3,2,25,2,10 points 2nd,4 points 7th,10,4,2,7
2024,Azerbaijan,Azerbaijan,Israel,11,23,14,5,7,12th,7 points 4th,0,7,12,4
2024,Azerbaijan,Azerbaijan,Italy,3,4,21,18,4,6 points 5th,3 points 8th,6,3,5,8
2024,Azerbaijan,Azerbaijan,Latvia,23,16,25,14,21,24th,22nd,0,0,24,22
2024,Azerbaijan,Azerbaijan,Lithuania,21,12,15,11,23,21st,11th,0,0,21,11
2024,Azerbaijan,Azerbaijan,Luxembourg,2,14,9,1,13,8 points 3rd,15th,8,0,3,15
2024,Azerbaijan,Azerbaijan,Norway,18,10,10,17,5,14th,12th,0,0,14,12
2024,Azerbaijan,Azerbaijan,Portugal,12,8,11,7,10,11th,24th,0,0,11,24
2024,Azerbaijan,Azerbaijan,Serbia,13,17,7,19,11,19th,18th,0,0,19,18
2024,Azerbaijan,Azerbaijan,Slovenia,17,22,3,22,3,3 points 8th,23rd,3,0,8,23
2024,Azerbaijan,Azerbaijan,Spain,9,26,23,12,25,22nd,16th,0,0,22,16
2024,Azerbaijan,Azerbaijan,Sweden,19,5,4,3,12,5 points 6th,13th,5,0,6,13
2024,Azerbaijan,Azerbaijan,Switzerland,16,2,1,21,1,12 points 1st,10 points 2nd,12,10,1,2
2024,Azerbaijan,Azerbaijan,Ukraine,8,7,8,10,15,1 point 10th,8 points 3rd,1,8,10,3
2024,Azerbaijan,Azerbaijan,United Kingdom,6,25,5,16,18,13th,19th,0,0,13,19
2024,Belgium,Belgium,Armenia,10,6,15,8,13,12th,5 points 6th,0,5,12,6
2024,Belgium,Belgium,Austria,12,23,9,11,7,13th,14th,0,0,13,14
2024,Belgium,Belgium,Croatia,20,24,24,25,9,18th,8 points 3rd,0,8,18,3
2024,Belgium,Belgium,Cyprus,23,19,23,16,25,24th,18th,0,0,24,18
2024,Belgium,Belgium,Estonia,25,25,25,26,26,26th,16th,0,0,26,16
2024,Belgium,Belgium,Finland,7,22,21,21,14,15th,15th,0,0,15,15
2024,Belgium,Belgium,France,3,1,1,1,1,12 points 1st,10 points 2nd,12,10,1,2
2024,Belgium,Belgium,Georgia,19,21,17,14,20,20th,22nd,0,0,20,22
2024,Belgium,Belgium,Germany,8,3,3,4,6,8 points 3rd,20th,8,0,3,20
2024,Belgium,Belgium,Greece,15,17,20,19,16,19th,4 points 7th,0,4,19,7
2024,Belgium,Belgium,Ireland,1,7,26,15,12,4 points 7th,2 points 9th,4,2,7,9
2024,Belgium,Belgium,Israel,13,5,6,3,8,5 points 6th,12 points 1st,5,12,6,1
2024,Belgium,Belgium,Italy,6,11,4,5,4,7 points 4th,3 points 8th,7,3,4,8
2024,Belgium,Belgium,Latvia,24,18,12,13,18,16th,13th,0,0,16,13
2024,Belgium,Belgium,Lithuania,22,15,19,20,23,23rd,11th,0,0,23,11
2024,Belgium,Belgium,Luxembourg,16,13,13,12,11,14th,1 point 10th,0,1,14,10
2024,Belgium,Belgium,Norway,21,20,18,22,22,25th,21st,0,0,25,21
2024,Belgium,Belgium,Portugal,14,10,5,7,10,2 points 9th,19th,2,0,9,19
2024,Belgium,Belgium,Serbia,17,12,16,17,24,17th,24th,0,0,17,24
2024,Belgium,Belgium,Slovenia,18,16,22,18,21,22nd,25th,0,0,22,25
2024,Belgium,Belgium,Spain,26,26,14,24,15,21st,12th,0,0,21,12
2024,Belgium,Belgium,Sweden,4,9,7,9,17,3 points 8th,17th,3,0,8,17
2024,Belgium,Belgium,Switzerland,2,2,2,2,2,10 points 2nd,6 points 5th,10,6,2,5
2024,Belgium,Belgium,Ukraine,11,8,10,6,19,1 point 11th,7 points 4th,1,7,11,4
2024,Belgium,Belgium,United Kingdom,5,4,8,10,5,6 points 5th,23rd,6,0,5,23
2024,Croatia,Croatia,Armenia,16,20,16,9,13,15th,3 points 8th,0,3,15,8
2024,Croatia,Croatia,Austria,18,14,14,23,11,18th,14th,0,0,18,14
2024,Croatia,Croatia,Cyprus,9,15,4,14,12,1 point 10th,16th,1,0,10,16
2024,Croatia,Croatia,Estonia,20,22,24,18,25,24th,4 points 7th,0,4,24,7
2024,Croatia,Croatia,Finland,21,24,17,19,23,23rd,13th,0,0,23,13
2024,Croatia,Croatia,France,11,3,7,7,10,4 points 7th,6 points 5th,4,6,7,5
2024,Croatia,Croatia,Georgia,19,21,13,25,24,21st,22nd,0,0,21,22
2024,Croatia,Croatia,Germany,13,16,20,20,14,19th,19th,0,0,19,19
2024,Croatia,Croatia,Greece,12,18,11,15,19,16th,11th,0,0,16,11
2024,Croatia,Croatia,Ireland,1,17,3,2,4,8 points 3rd,5 points 6th,8,5,3,6
2024,Croatia,Croatia,Israel,15,9,9,12,15,12th,15th,0,0,12,15
2024,Croatia,Croatia,Italy,7,5,8,6,8,6 points 5th,7 points 4th,6,7,5,4
2024,Croatia,Croatia,Latvia,14,13,15,24,21,20th,21st,0,0,20,21
2024,Croatia,Croatia,Lithuania,23,8,22,16,16,17th,12th,0,0,17,12
2024,Croatia,Croatia,Luxembourg,6,10,10,5,5,5 points 6th,18th,5,0,6,18
2024,Croatia,Croatia,Norway,17,23,19,22,22,22nd,20th,0,0,22,20
2024,Croatia,Croatia,Portugal,3,2,2,1,2,12 points 1st,23rd,12,0,1,23
2024,Croatia,Croatia,Serbia,5,11,18,4,7,3 points 8th,12 points 1st,3,12,8,1
2024,Croatia,Croatia,Slovenia,2,12,1,3,1,10 points 2nd,10 points 2nd,10,10,2,2
2024,Croatia,Croatia,Spain,24,7,23,8,18,13th,17th,0,0,13,17
2024,Croatia,Croatia,Sweden,10,4,5,13,17,2 points 9th,2 points 9th,2,2,9,9
2024,Croatia,Croatia,Switzerland,8,6,12,21,9,11th,1 point 10th,0,1,11,10
2024,Croatia,Croatia,Ukraine,4,1,6,11,3,7 points 4th,8 points 3rd,7,8,4,3
2024,Croatia,Croatia,United Kingdom,25,25,25,17,20,25th,24th,0,0,25,24
2024,Cyprus,Cyprus,Armenia,14,19,16,22,8,15th,4 points 7th,0,4,15,7
2024,Cyprus,Cyprus,Austria,20,9,13,15,21,16th,16th,0,0,16,16
2024,Cyprus,Cyprus,Croatia,1,3,1,1,2,12 points 1st,5 points 6th,12,5,1,6
2024,Cyprus,Cyprus,Estonia,16,25,24,14,22,22nd,21st,0,0,22,21
2024,Cyprus,Cyprus,Finland,24,23,11,7,23,11th,19th,0,0,11,19
2024,Cyprus,Cyprus,France,2,4,2,3,1,10 points 2nd,7 points 4th,10,7,2,4
2024,Cyprus,Cyprus,Georgia,23,22,19,12,13,19th,12th,0,0,19,12
2024,Cyprus,Cyprus,Germany,17,15,17,20,9,18th,18th,0,0,18,18
2024,Cyprus,Cyprus,Greece,7,1,5,5,3,7 points 4th,12 points 1st,7,12,4,1
2024,Cyprus,Cyprus,Ireland,25,21,21,18,25,25th,2 points 9th,0,2,25,9
2024,Cyprus,Cyprus,Israel,3,5,3,2,7,8 points 3rd,10 points 2nd,8,10,3,2
2024,Cyprus,Cyprus,Italy,8,8,9,9,4,3 points 8th,3 points 8th,3,3,8,8
2024,Cyprus,Cyprus,Latvia,13,20,14,24,24,20th,14th,0,0,20,14
2024,Cyprus,Cyprus,Lithuania,11,13,20,19,12,17th,11th,0,0,17,11
2024,Cyprus,Cyprus,Luxembourg,4,10,4,11,14,4 points 7th,13th,4,0,7,13
2024,Cyprus,Cyprus,Norway,19,17,22,25,15,23rd,22nd,0,0,23,22
2024,Cyprus,Cyprus,Portugal,12,18,25,23,17,21st,23rd,0,0,21,23
2024,Cyprus,Cyprus,Serbia,5,14,6,8,6,5 points 6th,17th,5,0,6,17
2024,Cyprus,Cyprus,Slovenia,22,24,23,13,20,24th,24th,0,0,24,24
2024,Cyprus,Cyprus,Spain,15,12,15,10,19,12th,15th,0,0,12,15
2024,Cyprus,Cyprus,Sweden,18,6,12,4,16,2 points 9th,1 point 10th,2,1,9,10
2024,Cyprus,Cyprus,Switzerland,6,2,7,6,5,6 points 5th,6 points 5th,6,6,5,5
2024,Cyprus,Cyprus,Ukraine,10,7,8,17,10,1 point 10th,8 points 3rd,1,8,10,3
2024,Cyprus,Cyprus,United Kingdom,9,11,18,21,18,13th,20th,0,0,13,20
2024,Czechia,Czechia,Armenia,5,5,3,7,15,6 points 5th,5 points 6th,6,5,5,6
2024,Czechia,Czechia,Austria,24,26,26,25,26,26th,18th,0,0,26,18
2024,Czechia,Czechia,Croatia,15,17,14,15,1,2 points 9th,8 points 3rd,2,8,9,3
2024,Czechia,Czechia,Cyprus,8,23,21,24,19,17th,23rd,0,0,17,23
2024,Czechia,Czechia,Estonia,14,7,16,12,8,12th,14th,0,0,12,14
2024,Czechia,Czechia,Finland,21,20,20,19,24,25th,13th,0,0,25,13
2024,Czechia,Czechia,France,7,8,9,9,5,4 points 7th,4 points 7th,4,4,7,7
2024,Czechia,Czechia,Georgia,23,21,23,23,10,20th,24th,0,0,20,24
2024,Czechia,Czechia,Germany,6,6,7,17,4,5 points 6th,17th,5,0,6,17
2024,Czechia,Czechia,Greece,13,13,6,6,18,11th,2 points 9th,0,2,11,9
2024,Czechia,Czechia,Ireland,2,2,11,2,7,7 points 4th,6 points 5th,7,6,4,5
2024,Czechia,Czechia,Israel,16,14,13,18,11,16th,10 points 2nd,0,10,16,2
2024,Czechia,Czechia,Italy,22,11,18,5,21,13th,11th,0,0,13,11
2024,Czechia,Czechia,Latvia,12,15,17,13,9,14th,15th,0,0,14,15
2024,Czechia,Czechia,Lithuania,26,16,12,10,14,15th,1 point 10th,0,1,15,10
2024,Czechia,Czechia,Luxembourg,25,12,22,20,23,22nd,12th,0,0,22,12
2024,Czechia,Czechia,Norway,9,10,5,11,13,1 point 10th,20th,1,0,10,20
2024,Czechia,Czechia,Portugal,10,4,8,8,20,3 points 8th,25th,3,0,8,25
2024,Czechia,Czechia,Serbia,18,18,19,22,16,23rd,16th,0,0,23,16
2024,Czechia,Czechia,Slovenia,17,22,25,26,17,24th,22nd,0,0,24,22
2024,Czechia,Czechia,Spain,20,24,24,21,12,21st,21st,0,0,21,21
2024,Czechia,Czechia,Sweden,1,3,4,4,6,8 points 3rd,3 points 8th,8,3,3,8
2024,Czechia,Czechia,Switzerland,3,9,2,1,3,10 points 2nd,7 points 4th,10,7,2,4
2024,Czechia,Czechia,Ukraine,4,1,1,3,2,12 points 1st,12 points 1st,12,12,1,1
2024,Czechia,Czechia,United Kingdom,11,19,15,16,22,18th,19th,0,0,18,19
2024,Denmark,Denmark,Armenia,8,3,14,12,19,3 points 9th,13th,3,0,9,13
2024,Denmark,Denmark,Austria,16,21,22,8,12,21st,17th,0,0,21,17
2024,Denmark,Denmark,Croatia,5,16,9,7,2,8 points 4th,12 points 1st,8,12,4,1
2024,Denmark,Denmark,Cyprus,17,24,24,14,13,25th,15th,0,0,25,15
2024,Denmark,Denmark,Estonia,26,22,26,5,25,20th,16th,0,0,20,16
2024,Denmark,Denmark,Finland,23,15,23,3,15,13th,2 points 9th,0,2,13,9
2024,Denmark,Denmark,France,13,9,5,1,4,10 points 2nd,7 points 4th,10,7,2,4
2024,Denmark,Denmark,Georgia,18,5,17,24,21,17th,23rd,0,0,17,23
2024,Denmark,Denmark,Germany,20,23,6,17,16,19th,14th,0,0,19,14
2024,Denmark,Denmark,Greece,6,19,18,26,5,12th,18th,0,0,12,18
2024,Denmark,Denmark,Ireland,4,2,8,25,17,7 points 5th,3 points 8th,7,3,5,8
2024,Denmark,Denmark,Israel,15,7,16,23,24,22nd,8 points 3rd,0,8,22,3
2024,Denmark,Denmark,Italy,7,18,12,16,9,16th,12th,0,0,16,12
2024,Denmark,Denmark,Latvia,12,14,1,22,20,4 points 8th,4 points 7th,4,4,8,7
2024,Denmark,Denmark,Lithuania,14,26,21,18,14,26th,1 point 10th,0,1,26,10
2024,Denmark,Denmark,Luxembourg,9,8,25,9,7,1 point 11th,20th,1,0,11,20
2024,Denmark,Denmark,Norway,21,6,7,13,22,14th,11th,0,0,14,11
2024,Denmark,Denmark,Portugal,19,17,13,20,10,23rd,24th,0,0,23,24
2024,Denmark,Denmark,Serbia,2,13,20,15,23,2 points 10th,22nd,2,0,10,22
2024,Denmark,Denmark,Slovenia,24,11,10,21,26,24th,25th,0,0,24,25
2024,Denmark,Denmark,Spain,25,10,15,19,8,18th,19th,0,0,18,19
2024,Denmark,Denmark,Sweden,3,20,11,10,6,5 points 7th,6 points 5th,5,6,7,5
2024,Denmark,Denmark,Switzerland,1,1,2,4,1,12 points 1st,5 points 6th,12,5,1,6
2024,Denmark,Denmark,Ukraine,11,4,3,11,11,6 points 6th,10 points 2nd,6,10,6,2
2024,Denmark,Denmark,United Kingdom,10,12,19,6,18,15th,21st,0,0,15,21
2024,Estonia,Estonia,Armenia,11,23,14,23,4,12th,12th,0,0,12,12
2024,Estonia,Estonia,Austria,8,16,25,21,14,19th,13th,0,0,19,13
2024,Estonia,Estonia,Croatia,10,6,4,9,1,8 points 3rd,10 points 2nd,8,10,3,2
2024,Estonia,Estonia,Cyprus,18,19,10,24,18,22nd,17th,0,0,22,17
2024,Estonia,Estonia,Finland,23,12,13,7,17,15th,8 points 3rd,0,8,15,3
2024,Estonia,Estonia,France,3,13,15,1,5,7 points 4th,5 points 6th,7,5,4,6
2024,Estonia,Estonia,Georgia,12,17,22,11,15,20th,21st,0,0,20,21
2024,Estonia,Estonia,Germany,15,9,6,5,12,4 points 7th,16th,4,0,7,16
2024,Estonia,Estonia,Greece,9,24,23,12,11,18th,19th,0,0,18,19
2024,Estonia,Estonia,Ireland,21,25,5,16,21,16th,2 points 9th,0,2,16,9
2024,Estonia,Estonia,Israel,13,5,2,6,19,5 points 6th,6 points 5th,5,6,6,5
2024,Estonia,Estonia,Italy,4,10,8,20,9,3 points 8th,15th,3,0,8,15
2024,Estonia,Estonia,Latvia,20,11,18,3,10,1 point 10th,3 points 8th,1,3,10,8
2024,Estonia,Estonia,Lithuania,6,8,12,22,6,2 points 9th,4 points 7th,2,4,9,7
2024,Estonia,Estonia,Luxembourg,14,21,16,18,20,23rd,20th,0,0,23,20
2024,Estonia,Estonia,Norway,7,15,21,15,8,13th,11th,0,0,13,11
2024,Estonia,Estonia,Portugal,17,20,17,8,25,21st,22nd,0,0,21,22
2024,Estonia,Estonia,Serbia,16,7,7,19,24,14th,23rd,0,0,14,23
2024,Estonia,Estonia,Slovenia,19,18,19,13,23,24th,24th,0,0,24,24
2024,Estonia,Estonia,Spain,22,14,20,14,7,17th,14th,0,0,17,14
2024,Estonia,Estonia,Sweden,5,3,9,17,2,6 points 5th,1 point 10th,6,1,5,10
2024,Estonia,Estonia,Switzerland,1,1,1,2,3,12 points 1st,7 points 4th,12,7,1,4
2024,Estonia,Estonia,Ukraine,2,2,3,4,13,10 points 2nd,12 points 1st,10,12,2,1
2024,Estonia,Estonia,United Kingdom,24,4,11,10,22,11th,18th,0,0,11,18
2024,Finland,Finland,Armenia,15,22,22,8,7,15th,14th,0,0,15,14
2024,Finland,Finland,Austria,9,9,18,20,23,16th,2 points 9th,0,2,16,9
2024,Finland,Finland,Croatia,1,1,4,6,6,10 points 2nd,10 points 2nd,10,10,2,2
2024,Finland,Finland,Cyprus,14,13,12,15,21,17th,18th,0,0,17,18
2024,Finland,Finland,Estonia,22,25,9,24,12,19th,7 points 4th,0,7,19,4
2024,Finland,Finland,France,8,17,7,5,3,5 points 6th,4 points 7th,5,4,6,7
2024,Finland,Finland,Georgia,20,20,16,17,22,23rd,24th,0,0,23,24
2024,Finland,Finland,Germany,5,10,8,9,16,3 points 8th,16th,3,0,8,16
2024,Finland,Finland,Greece,18,11,20,13,15,18th,19th,0,0,18,19
2024,Finland,Finland,Ireland,10,2,15,3,1,6 points 5th,5 points 6th,6,5,5,6
2024,Finland,Finland,Israel,24,24,19,25,25,25th,12 points 1st,0,12,25,1
2024,Finland,Finland,Italy,12,12,13,14,5,11th,15th,0,0,11,15
2024,Finland,Finland,Latvia,17,21,17,22,17,22nd,13th,0,0,22,13
2024,Finland,Finland,Lithuania,23,14,11,16,20,20th,12th,0,0,20,12
2024,Finland,Finland,Luxembourg,2,19,21,10,10,4 points 7th,20th,4,0,7,20
2024,Finland,Finland,Norway,7,15,6,19,8,2 points 9th,1 point 10th,2,1,9,10
2024,Finland,Finland,Portugal,16,18,24,11,18,21st,22nd,0,0,21,22
2024,Finland,Finland,Serbia,21,23,25,23,14,24th,23rd,0,0,24,23
2024,Finland,Finland,Slovenia,19,7,23,7,19,14th,21st,0,0,14,21
2024,Finland,Finland,Spain,13,6,5,21,24,1 point 10th,3 points 8th,1,3,10,8
2024,Finland,Finland,Sweden,3,4,2,4,9,7 points 4th,11th,7,0,4,11
2024,Finland,Finland,Switzerland,11,3,1,1,2,12 points 1st,8 points 3rd,12,8,1,3
2024,Finland,Finland,Ukraine,4,8,3,2,4,8 points 3rd,6 points 5th,8,6,3,5
2024,Finland,Finland,United Kingdom,6,16,14,12,13,13th,17th,0,0,13,17
2024,France,France,Armenia,13,5,2,4,6,6 points 5th,10 points 2nd,6,10,5,2
2024,France,France,Austria,4,20,22,19,14,15th,13th,0,0,15,13
2024,France,France,Croatia,15,10,3,10,15,2 points 9th,7 points 4th,2,7,9,4
2024,France,France,Cyprus,14,24,18,18,13,20th,21st,0,0,20,21
2024,France,France,Estonia,25,21,25,22,22,24th,19th,0,0,24,19
2024,France,France,Finland,23,25,20,24,25,25th,18th,0,0,25,18
2024,France,France,Georgia,6,19,23,12,16,16th,14th,0,0,16,14
2024,France,France,Germany,1,2,15,7,4,8 points 3rd,16th,8,0,3,16
2024,France,France,Greece,8,12,6,11,3,4 points 7th,1 point 10th,4,1,7,10
2024,France,France,Ireland,12,14,21,17,20,18th,11th,0,0,18,11
2024,France,France,Israel,17,11,5,16,2,3 points 8th,12 points 1st,3,12,8,1
2024,France,France,Italy,16,8,9,9,8,12th,4 points 7th,0,4,12,7
2024,France,France,Latvia,20,16,12,20,17,19th,15th,0,0,19,15
2024,France,France,Lithuania,9,15,14,8,5,1 point 10th,12th,1,0,10,12
2024,France,France,Luxembourg,7,1,8,2,12,7 points 4th,3 points 8th,7,3,4,8
2024,France,France,Norway,22,6,11,6,18,13th,17th,0,0,13,17
2024,France,France,Portugal,2,4,7,5,1,12 points 1st,5 points 6th,12,5,1,6
2024,France,France,Serbia,21,22,24,23,23,23rd,20th,0,0,23,20
2024,France,France,Slovenia,24,18,19,25,24,22nd,24th,0,0,22,24
2024,France,France,Spain,19,13,13,13,11,17th,2 points 9th,0,2,17,9
2024,France,France,Sweden,3,17,16,14,10,11th,22nd,0,0,11,22
2024,France,France,Switzerland,11,3,4,3,9,5 points 6th,6 points 5th,5,6,6,5
2024,France,France,Ukraine,5,7,1,1,19,10 points 2nd,8 points 3rd,10,8,2,3
2024,France,France,United Kingdom,18,23,17,21,21,21st,23rd,0,0,21,23
2024,Georgia,Georgia,Armenia,4,6,3,5,2,6 points 5th,10 points 2nd,6,10,5,2
2024,Georgia,Georgia,Austria,19,17,9,15,12,13th,18th,0,0,13,18
2024,Georgia,Georgia,Croatia,11,11,10,10,17,1 point 10th,5 points 6th,1,5,10,6
2024,Georgia,Georgia,Cyprus,18,13,11,16,13,16th,16th,0,0,16,16
2024,Georgia,Georgia,Estonia,14,19,22,22,21,22nd,17th,0,0,22,17
2024,Georgia,Georgia,Finland,13,14,19,24,23,21st,13th,0,0,21,13
2024,Georgia,Georgia,France,3,5,2,1,4,10 points 2nd,6 points 5th,10,6,2,5
2024,Georgia,Georgia,Germany,8,9,16,6,10,2 points 9th,21st,2,0,9,21
2024,Georgia,Georgia,Greece,9,20,20,11,8,11th,2 points 9th,0,2,11,9
2024,Georgia,Georgia,Ireland,21,25,25,25,25,25th,4 points 7th,0,4,25,7
2024,Georgia,Georgia,Israel,23,4,8,8,14,3 points 8th,8 points 3rd,3,8,8,3
2024,Georgia,Georgia,Italy,5,3,4,4,3,7 points 4th,3 points 8th,7,3,4,8
2024,Georgia,Georgia,Latvia,24,1,1,2,5,8 points 3rd,1 point 10th,8,1,3,10
2024,Georgia,Georgia,Lithuania,22,22,24,18,16,24th,11th,0,0,24,11
2024,Georgia,Georgia,Luxembourg,16,24,17,12,9,15th,20th,0,0,15,20
2024,Georgia,Georgia,Norway,10,23,15,19,22,19th,15th,0,0,19,15
2024,Georgia,Georgia,Portugal,6,10,6,9,7,4 points 7th,23rd,4,0,7,23
2024,Georgia,Georgia,Serbia,25,7,14,23,18,14th,24th,0,0,14,24
2024,Georgia,Georgia,Slovenia,20,12,12,14,15,17th,12th,0,0,17,12
2024,Georgia,Georgia,Spain,12,16,23,20,19,20th,14th,0,0,20,14
2024,Georgia,Georgia,Sweden,7,18,18,17,11,12th,19th,0,0,12,19
2024,Georgia,Georgia,Switzerland,2,2,5,3,1,12 points 1st,7 points 4th,12,7,1,4
2024,Georgia,Georgia,Ukraine,1,8,7,7,6,5 points 6th,12 points 1st,5,12,6,1
2024,Georgia,Georgia,United Kingdom,17,15,21,21,24,23rd,22nd,0,0,23,22
2024,Germany,Germany,Armenia,13,4,1,10,17,7 points 4th,4 points 7th,7,4,4,7
2024,Germany,Germany,Austria,15,19,24,17,14,22nd,11th,0,0,22,11
2024,Germany,Germany,Croatia,7,9,10,14,1,6 points 5th,10 points 2nd,6,10,5,2
2024,Germany,Germany,Cyprus,6,22,18,11,9,16th,17th,0,0,16,17
2024,Germany,Germany,Estonia,24,25,22,19,23,25th,13th,0,0,25,13
2024,Germany,Germany,Finland,5,24,19,25,5,14th,12th,0,0,14,12
2024,Germany,Germany,France,9,6,2,6,4,10 points 2nd,6 points 5th,10,6,2,5
2024,Germany,Germany,Georgia,21,21,13,20,13,21st,19th,0,0,21,19
2024,Germany,Germany,Greece,10,18,14,18,18,18th,5 points 6th,0,5,18,6
2024,Germany,Germany,Ireland,25,1,25,23,8,12th,1 point 10th,0,1,12,10
2024,Germany,Germany,Israel,3,11,20,5,2,8 points 3rd,12 points 1st,8,12,3,1
2024,Germany,Germany,Italy,16,14,5,1,19,2 points 9th,3 points 8th,2,3,9,8
2024,Germany,Germany,Latvia,8,13,16,13,24,17th,16th,0,0,17,16
2024,Germany,Germany,Lithuania,14,8,8,3,7,1 point 10th,2 points 9th,1,2,10,9
2024,Germany,Germany,Luxembourg,4,15,4,7,12,3 points 8th,20th,3,0,8,20
2024,Germany,Germany,Norway,19,10,21,21,20,20th,22nd,0,0,20,22
2024,Germany,Germany,Portugal,12,5,3,8,15,11th,21st,0,0,11,21
2024,Germany,Germany,Serbia,20,12,11,16,22,19th,14th,0,0,19,14
2024,Germany,Germany,Slovenia,23,17,17,15,25,23rd,24th,0,0,23,24
2024,Germany,Germany,Spain,22,20,23,24,16,24th,15th,0,0,24,15
2024,Germany,Germany,Sweden,1,7,7,2,10,12 points 1st,18th,12,0,1,18
2024,Germany,Germany,Switzerland,17,3,6,9,6,5 points 6th,7 points 4th,5,7,6,4
2024,Germany,Germany,Ukraine,18,2,12,4,11,4 points 7th,8 points 3rd,4,8,7,3
2024,Germany,Germany,United Kingdom,2,16,9,12,21,13th,23rd,0,0,13,23
2024,Greece,Greece,Armenia,7,17,8,6,6,4 points 7th,5 points 6th,4,5,7,6
2024,Greece,Greece,Austria,21,14,15,10,19,17th,13th,0,0,17,13
2024,Greece,Greece,Croatia,12,10,12,15,9,14th,6 points 5th,0,6,14,5
2024,Greece,Greece,Cyprus,1,1,2,2,18,10 points 2nd,12 points 1st,10,12,2,1
2024,Greece,Greece,Estonia,20,22,18,11,24,19th,15th,0,0,19,15
2024,Greece,Greece,Finland,24,21,25,23,12,23rd,17th,0,0,23,17
2024,Greece,Greece,France,2,3,5,7,3,7 points 4th,10 points 2nd,7,10,4,2
2024,Greece,Greece,Georgia,23,16,17,19,15,21st,11th,0,0,21,11
2024,Greece,Greece,Germany,10,6,10,4,13,5 points 6th,21st,5,0,6,21
2024,Greece,Greece,Ireland,25,23,24,24,23,25th,2 points 9th,0,2,25,9
2024,Greece,Greece,Israel,17,25,23,18,14,22nd,7 points 4th,0,7,22,4
2024,Greece,Greece,Italy,4,4,1,5,4,8 points 3rd,4 points 7th,8,4,3,7
2024,Greece,Greece,Latvia,11,13,11,25,7,13th,16th,0,0,13,16
2024,Greece,Greece,Lithuania,16,15,20,14,21,18th,18th,0,0,18,18
2024,Greece,Greece,Luxembourg,6,12,7,8,10,3 points 8th,14th,3,0,8,14
2024,Greece,Greece,Norway,9,19,14,13,20,16th,20th,0,0,16,20
2024,Greece,Greece,Portugal,5,7,3,3,8,6 points 5th,22nd,6,0,5,22
2024,Greece,Greece,Serbia,18,8,13,17,5,11th,19th,0,0,11,19
2024,Greece,Greece,Slovenia,13,18,22,21,17,20th,24th,0,0,20,24
2024,Greece,Greece,Spain,22,20,19,22,25,24th,12th,0,0,24,12
2024,Greece,Greece,Sweden,8,9,9,9,16,1 point 10th,1 point 10th,1,1,10,10
2024,Greece,Greece,Switzerland,3,2,4,1,2,12 points 1st,8 points 3rd,12,8,1,3
2024,Greece,Greece,Ukraine,19,24,16,20,1,2 points 9th,3 points 8th,2,3,9,8
2024,Greece,Greece,United Kingdom,14,5,21,16,22,15th,23rd,0,0,15,23
2024,Iceland,Iceland,Armenia,1,20,2,21,13,5 points 6th,14th,5,0,6,14
2024,Iceland,Iceland,Austria,7,11,22,25,24,17th,13th,0,0,17,13
2024,Iceland,Iceland,Croatia,6,1,1,6,9,10 points 2nd,12 points 1st,10,12,2,1
2024,Iceland,Iceland,Cyprus,11,8,20,20,14,15th,15th,0,0,15,15
2024,Iceland,Iceland,Estonia,26,24,26,24,26,26th,17th,0,0,26,17
2024,Iceland,Iceland,Finland,24,9,4,11,10,12th,1 point 10th,0,1,12,10
2024,Iceland,Iceland,France,3,2,3,1,1,12 points 1st,10 points 2nd,12,10,1,2
2024,Iceland,Iceland,Georgia,19,22,16,14,21,21st,22nd,0,0,21,22
2024,Iceland,Iceland,Germany,22,6,7,12,4,2 points 9th,2 points 9th,2,2,9,9
2024,Iceland,Iceland,Greece,18,25,23,10,15,19th,21st,0,0,19,21
2024,Iceland,Iceland,Ireland,8,10,5,4,3,7 points 4th,3 points 8th,7,3,4,8
2024,Iceland,Iceland,Israel,23,26,24,23,16,25th,8 points 3rd,0,8,25,3
2024,Iceland,Iceland,Italy,2,13,18,16,12,11th,16th,0,0,11,16
2024,Iceland,Iceland,Latvia,14,16,25,26,25,22nd,12th,0,0,22,12
2024,Iceland,Iceland,Lithuania,17,12,14,17,20,18th,4 points 7th,0,4,18,7
2024,Iceland,Iceland,Luxembourg,10,18,8,8,11,13th,20th,0,0,13,20
2024,Iceland,Iceland,Norway,5,19,17,13,18,14th,11th,0,0,14,11
2024,Iceland,Iceland,Portugal,4,15,11,5,6,4 points 7th,24th,4,0,7,24
2024,Iceland,Iceland,Serbia,21,23,19,15,22,23rd,23rd,0,0,23,23
2024,Iceland,Iceland,Slovenia,15,21,21,22,23,24th,25th,0,0,24,25
2024,Iceland,Iceland,Spain,16,17,15,18,19,20th,19th,0,0,20,19
2024,Iceland,Iceland,Sweden,13,5,12,9,7,1 point 10th,7 points 4th,1,7,10,4
2024,Iceland,Iceland,Switzerland,9,14,10,2,2,6 points 5th,6 points 5th,6,6,5,5
2024,Iceland,Iceland,Ukraine,20,4,6,7,8,3 points 8th,5 points 6th,3,5,8,6
2024,Iceland,Iceland,United Kingdom,12,3,9,3,5,8 points 3rd,18th,8,0,3,18
2024,Ireland,Ireland,Armenia,12,21,20,22,21,24th,11th,0,0,24,11
2024,Ireland,Ireland,Austria,19,3,10,17,20,11th,15th,0,0,11,15
2024,Ireland,Ireland,Croatia,2,17,1,16,10,7 points 4th,12 points 1st,7,12,4,1
2024,Ireland,Ireland,Cyprus,16,10,4,18,22,14th,16th,0,0,14,16
2024,Ireland,Ireland,Estonia,22,24,24,23,8,22nd,12th,0,0,22,12
2024,Ireland,Ireland,Finland,21,16,25,25,25,25th,3 points 8th,0,3,25,8
2024,Ireland,Ireland,France,6,4,17,7,14,3 points 8th,4 points 7th,3,4,8,7
2024,Ireland,Ireland,Georgia,15,15,19,21,13,23rd,22nd,0,0,23,22
2024,Ireland,Ireland,Germany,23,7,6,1,6,6 points 5th,18th,6,0,5,18
2024,Ireland,Ireland,Greece,18,20,22,10,16,21st,13th,0,0,21,13
2024,Ireland,Ireland,Israel,24,25,18,5,23,16th,10 points 2nd,0,10,16,2
2024,Ireland,Ireland,Italy,17,18,7,24,12,17th,1 point 10th,0,1,17,10
2024,Ireland,Ireland,Latvia,25,19,13,12,15,20th,5 points 6th,0,5,20,6
2024,Ireland,Ireland,Lithuania,13,12,11,20,5,13th,7 points 4th,0,7,13,4
2024,Ireland,Ireland,Luxembourg,4,11,2,11,4,8 points 3rd,17th,8,0,3,17
2024,Ireland,Ireland,Norway,9,14,23,13,17,19th,20th,0,0,19,20
2024,Ireland,Ireland,Portugal,5,5,14,9,3,5 points 6th,19th,5,0,6,19
2024,Ireland,Ireland,Serbia,10,22,15,3,18,1 point 10th,23rd,1,0,10,23
2024,Ireland,Ireland,Slovenia,11,23,21,4,24,15th,24th,0,0,15,24
2024,Ireland,Ireland,Spain,20,13,16,19,7,18th,2 points 9th,0,2,18,9
2024,Ireland,Ireland,Sweden,3,2,3,2,9,10 points 2nd,21st,10,0,2,21
2024,Ireland,Ireland,Switzerland,1,1,5,15,1,12 points 1st,6 points 5th,12,6,1,5
2024,Ireland,Ireland,Ukraine,7,9,9,8,11,2 points 9th,8 points 3rd,2,8,9,3
2024,Ireland,Ireland,United Kingdom,14,6,12,6,2,4 points 7th,14th,4,0,7,14
2024,Israel,Israel,Armenia,23,19,18,11,14,20th,6 points 5th,0,6,20,5
2024,Israel,Israel,Austria,4,9,5,5,4,7 points 4th,3 points 8th,7,3,4,8
2024,Israel,Israel,Croatia,1,18,23,7,6,4 points 7th,5 points 6th,4,5,7,6
2024,Israel,Israel,Cyprus,8,12,10,9,18,11th,1 point 10th,0,1,11,10
2024,Israel,Israel,Estonia,20,24,8,23,24,19th,12th,0,0,19,12
2024,Israel,Israel,Finland,22,23,22,14,10,21st,14th,0,0,21,14
2024,Israel,Israel,France,12,5,9,19,23,1 point 10th,2 points 9th,1,2,10,9
2024,Israel,Israel,Georgia,18,8,3,8,16,2 points 9th,4 points 7th,2,4,9,7
2024,Israel,Israel,Germany,3,2,2,3,5,10 points 2nd,8 points 3rd,10,8,2,3
2024,Israel,Israel,Greece,24,17,21,13,12,22nd,21st,0,0,22,21
2024,Israel,Israel,Ireland,21,14,24,12,13,17th,19th,0,0,17,19
2024,Israel,Israel,Italy,6,6,7,10,2,6 points 5th,7 points 4th,6,7,5,4
2024,Israel,Israel,Latvia,10,11,13,21,17,15th,13th,0,0,15,13
2024,Israel,Israel,Lithuania,11,15,15,22,20,18th,17th,0,0,18,17
2024,Israel,Israel,Luxembourg,5,1,1,2,1,12 points 1st,12 points 1st,12,12,1,1
2024,Israel,Israel,Norway,25,20,20,25,25,25th,18th,0,0,25,18
2024,Israel,Israel,Portugal,15,4,14,4,19,3 points 8th,23rd,3,0,8,23
2024,Israel,Israel,Serbia,16,13,16,20,22,23rd,20th,0,0,23,20
2024,Israel,Israel,Slovenia,17,22,25,24,21,24th,22nd,0,0,24,22
2024,Israel,Israel,Spain,13,25,6,15,15,13th,15th,0,0,13,15
2024,Israel,Israel,Sweden,9,10,17,17,11,12th,16th,0,0,12,16
2024,Israel,Israel,Switzerland,7,3,12,6,7,5 points 6th,11th,5,0,6,11
2024,Israel,Israel,Ukraine,2,7,4,1,3,8 points 3rd,10 points 2nd,8,10,3,2
2024,Israel,Israel,United Kingdom,19,21,11,16,8,14th,24th,0,0,14,24
2024,Italy,Italy,Armenia,6,5,8,21,11,3 points 9th,4 points 7th,3,4,9,7
2024,Italy,Italy,Austria,3,8,10,19,6,5 points 7th,15th,5,0,7,15
2024,Italy,Italy,Croatia,4,2,12,6,4,8 points 4th,8 points 3rd,8,8,4,3
2024,Italy,Italy,Cyprus,17,21,21,18,18,23rd,16th,0,0,23,16
2024,Italy,Italy,Estonia,9,11,6,22,5,2 points 10th,12th,2,0,10,12
2024,Italy,Italy,Finland,16,14,23,20,14,21st,11th,0,0,21,11
2024,Italy,Italy,France,10,10,11,12,7,1 point 11th,6 points 5th,1,6,11,5
2024,Italy,Italy,Georgia,20,23,9,7,12,13th,5 points 6th,0,5,13,6
2024,Italy,Italy,Germany,12,4,14,4,20,4 points 8th,14th,4,0,8,14
2024,Italy,Italy,Greece,8,9,24,15,13,14th,2 points 9th,0,2,14,9
2024,Italy,Italy,Ireland,2,7,4,13,3,10 points 3rd,3 points 8th,10,3,3,8
2024,Italy,Italy,Israel,23,25,25,11,25,22nd,12 points 1st,0,12,22,1
2024,Italy,Italy,Latvia,13,19,13,14,23,19th,18th,0,0,19,18
2024,Italy,Italy,Lithuania,22,20,17,16,22,24th,13th,0,0,24,13
2024,Italy,Italy,Luxembourg,14,16,16,17,16,20th,19th,0,0,20,19
2024,Italy,Italy,Norway,25,18,7,24,24,16th,20th,0,0,16,20
2024,Italy,Italy,Portugal,19,15,19,9,17,15th,24th,0,0,15,24
2024,Italy,Italy,Serbia,24,22,18,23,8,17th,17th,0,0,17,17
2024,Italy,Italy,Slovenia,21,24,20,25,19,25th,22nd,0,0,25,22
2024,Italy,Italy,Spain,7,6,2,3,10,7 points 5th,1 point 10th,7,1,5,10
2024,Italy,Italy,Sweden,5,12,5,2,9,6 points 6th,21st,6,0,6,21
2024,Italy,Italy,Switzerland,1,1,1,1,1,12 points 1st,7 points 4th,12,7,1,4
2024,Italy,Italy,Ukraine,18,13,15,5,15,12th,10 points 2nd,0,10,12,2
2024,Italy,Italy,United Kingdom,15,17,22,10,21,18th,23rd,0,0,18,23
2024,Latvia,Latvia,Armenia,6,3,3,10,4,7 points 4th,2 points 9th,7,2,4,9
2024,Latvia,Latvia,Austria,21,20,22,14,21,21st,15th,0,0,21,15
2024,Latvia,Latvia,Croatia,8,5,11,2,15,6 points 5th,5 points 6th,6,5,5,6
2024,Latvia,Latvia,Cyprus,22,21,25,20,23,25th,19th,0,0,25,19
2024,Latvia,Latvia,Estonia,10,7,12,15,8,12th,12 points 1st,0,12,12,1
2024,Latvia,Latvia,Finland,17,16,17,21,19,19th,1 point 10th,0,1,19,10
2024,Latvia,Latvia,France,2,2,4,6,2,10 points 2nd,6 points 5th,10,6,2,5
2024,Latvia,Latvia,Georgia,18,15,21,13,14,17th,21st,0,0,17,21
2024,Latvia,Latvia,Germany,7,10,5,7,11,4 points 7th,13th,4,0,7,13
2024,Latvia,Latvia,Greece,23,19,19,18,16,20th,17th,0,0,20,17
2024,Latvia,Latvia,Ireland,14,23,10,25,25,18th,3 points 8th,0,3,18,8
2024,Latvia,Latvia,Israel,9,12,14,4,13,2 points 10th,7 points 4th,2,7,10,4
2024,Latvia,Latvia,Italy,16,11,20,12,6,14th,11th,0,0,14,11
2024,Latvia,Latvia,Lithuania,15,8,9,22,7,13th,8 points 3rd,0,8,13,3
2024,Latvia,Latvia,Luxembourg,19,18,6,24,18,16th,18th,0,0,16,18
2024,Latvia,Latvia,Norway,13,17,15,5,20,15th,12th,0,0,15,12
2024,Latvia,Latvia,Portugal,12,13,7,8,9,1 point 11th,22nd,1,0,11,22
2024,Latvia,Latvia,Serbia,25,22,24,17,24,24th,23rd,0,0,24,23
2024,Latvia,Latvia,Slovenia,24,24,23,16,22,23rd,24th,0,0,23,24
2024,Latvia,Latvia,Spain,20,25,18,23,17,22nd,16th,0,0,22,16
2024,Latvia,Latvia,Sweden,4,9,16,3,10,5 points 6th,14th,5,0,6,14
2024,Latvia,Latvia,Switzerland,1,1,1,1,3,12 points 1st,4 points 7th,12,4,1,7
2024,Latvia,Latvia,Ukraine,5,4,2,11,1,8 points 3rd,10 points 2nd,8,10,3,2
2024,Latvia,Latvia,United Kingdom,3,14,13,9,12,3 points 9th,20th,3,0,9,20
2024,Lithuania,Lithuania,Armenia,8,7,16,11,16,11th,12th,0,0,11,12
2024,Lithuania,Lithuania,Austria,24,24,15,23,19,25th,19th,0,0,25,19
2024,Lithuania,Lithuania,Croatia,3,5,2,3,7,10 points 2nd,10 points 2nd,10,10,2,2
2024,Lithuania,Lithuania,Cyprus,22,12,17,15,15,20th,15th,0,0,20,15
2024,Lithuania,Lithuania,Estonia,16,17,19,18,24,24th,6 points 5th,0,6,24,5
2024,Lithuania,Lithuania,Finland,12,14,25,24,22,21st,11th,0,0,21,11
2024,Lithuania,Lithuania,France,5,8,8,2,2,7 points 4th,7 points 4th,7,7,4,4
2024,Lithuania,Lithuania,Georgia,17,25,18,22,13,23rd,21st,0,0,23,21
2024,Lithuania,Lithuania,Germany,21,9,11,7,10,1 point 10th,14th,1,0,10,14
2024,Lithuania,Lithuania,Greece,20,18,20,12,21,22nd,18th,0,0,22,18
2024,Lithuania,Lithuania,Ireland,7,6,13,10,4,3 points 8th,5 points 6th,3,5,8,6
2024,Lithuania,Lithuania,Israel,14,16,1,14,6,4 points 7th,3 points 8th,4,3,7,8
2024,Lithuania,Lithuania,Italy,11,22,23,9,20,17th,2 points 9th,0,2,17,9
2024,Lithuania,Lithuania,Latvia,25,21,7,21,11,15th,4 points 7th,0,4,15,7
2024,Lithuania,Lithuania,Luxembourg,23,10,14,8,12,12th,20th,0,0,12,20
2024,Lithuania,Lithuania,Norway,15,15,3,17,5,2 points 9th,17th,2,0,9,17
2024,Lithuania,Lithuania,Portugal,6,3,4,5,3,8 points 3rd,23rd,8,0,3,23
2024,Lithuania,Lithuania,Serbia,18,23,9,16,14,18th,24th,0,0,18,24
2024,Lithuania,Lithuania,Slovenia,19,19,10,13,8,14th,22nd,0,0,14,22
2024,Lithuania,Lithuania,Spain,4,20,24,20,25,13th,13th,0,0,13,13
2024,Lithuania,Lithuania,Sweden,13,1,12,6,17,5 points 6th,1 point 10th,5,1,6,10
2024,Lithuania,Lithuania,Switzerland,1,2,6,1,1,12 points 1st,8 points 3rd,12,8,1,3
2024,Lithuania,Lithuania,Ukraine,2,4,5,4,9,6 points 5th,12 points 1st,6,12,5,1
2024,Lithuania,Lithuania,United Kingdom,10,13,21,25,18,19th,16th,0,0,19,16
2024,Luxembourg,Luxembourg,Armenia,10,15,21,3,7,2 points 10th,14th,2,0,10,14
2024,Luxembourg,Luxembourg,Austria,18,24,14,4,16,19th,20th,0,0,19,20
2024,Luxembourg,Luxembourg,Croatia,15,10,1,10,15,6 points 6th,10 points 2nd,6,10,6,2
2024,Luxembourg,Luxembourg,Cyprus,5,7,4,16,11,7 points 5th,18th,7,0,5,18
2024,Luxembourg,Luxembourg,Estonia,25,18,24,23,10,24th,13th,0,0,24,13
2024,Luxembourg,Luxembourg,Finland,6,23,16,5,20,14th,15th,0,0,14,15
2024,Luxembourg,Luxembourg,France,3,3,19,8,14,10 points 3rd,8 points 3rd,10,8,3,3
2024,Luxembourg,Luxembourg,Georgia,16,21,5,21,25,20th,24th,0,0,20,24
2024,Luxembourg,Luxembourg,Germany,19,9,3,18,6,4 points 8th,1 point 10th,4,1,8,10
2024,Luxembourg,Luxembourg,Greece,23,17,22,7,19,21st,5 points 6th,0,5,21,6
2024,Luxembourg,Luxembourg,Ireland,24,12,6,25,4,13th,11th,0,0,13,11
2024,Luxembourg,Luxembourg,Israel,11,6,9,20,23,18th,12 points 1st,0,12,18,1
2024,Luxembourg,Luxembourg,Italy,21,16,7,9,9,17th,3 points 8th,0,3,17,8
2024,Luxembourg,Luxembourg,Latvia,4,2,10,24,18,8 points 4th,12th,8,0,4,12
2024,Luxembourg,Luxembourg,Lithuania,9,20,13,6,12,16th,4 points 7th,0,4,16,7
2024,Luxembourg,Luxembourg,Norway,22,4,8,22,17,15th,22nd,0,0,15,22
2024,Luxembourg,Luxembourg,Portugal,14,8,15,14,2,3 points 9th,6 points 5th,3,6,9,5
2024,Luxembourg,Luxembourg,Serbia,7,11,18,11,5,12th,16th,0,0,12,16
2024,Luxembourg,Luxembourg,Slovenia,20,14,17,17,13,23rd,23rd,0,0,23,23
2024,Luxembourg,Luxembourg,Spain,8,19,25,15,24,22nd,17th,0,0,22,17
2024,Luxembourg,Luxembourg,Sweden,13,13,2,13,21,1 point 11th,19th,1,0,11,19
2024,Luxembourg,Luxembourg,Switzerland,2,1,20,2,1,12 points 1st,2 points 9th,12,2,1,9
2024,Luxembourg,Luxembourg,Ukraine,17,5,12,12,3,5 points 7th,7 points 4th,5,7,7,4
2024,Luxembourg,Luxembourg,United Kingdom,12,22,23,19,22,25th,21st,0,0,25,21
2024,Malta,Malta,Armenia,10,10,19,10,17,14th,15th,0,0,14,15
2024,Malta,Malta,Austria,15,14,13,11,10,15th,14th,0,0,15,14
2024,Malta,Malta,Croatia,7,6,3,4,3,10 points 2nd,10 points 2nd,10,10,2,2
2024,Malta,Malta,Cyprus,17,13,24,20,23,23rd,20th,0,0,23,20
2024,Malta,Malta,Estonia,24,20,15,26,24,25th,21st,0,0,25,21
2024,Malta,Malta,Finland,14,24,14,24,25,24th,18th,0,0,24,18
2024,Malta,Malta,France,16,3,5,3,5,6 points 5th,7 points 4th,6,7,5,4
2024,Malta,Malta,Georgia,8,8,12,7,9,2 points 9th,13th,2,0,9,13
2024,Malta,Malta,Germany,4,17,17,18,22,12th,22nd,0,0,12,22
2024,Malta,Malta,Greece,21,9,26,21,19,19th,2 points 9th,0,2,19,9
2024,Malta,Malta,Ireland,12,2,6,5,2,7 points 4th,4 points 7th,7,4,4,7
2024,Malta,Malta,Israel,5,5,16,8,26,3 points 8th,5 points 6th,3,5,8,6
2024,Malta,Malta,Italy,2,4,20,2,6,8 points 3rd,8 points 3rd,8,8,3,3
2024,Malta,Malta,Latvia,6,26,1,6,14,5 points 6th,11th,5,0,6,11
2024,Malta,Malta,Lithuania,19,18,23,15,15,22nd,12th,0,0,22,12
2024,Malta,Malta,Luxembourg,3,11,9,12,4,4 points 7th,19th,4,0,7,19
2024,Malta,Malta,Norway,13,25,10,22,20,18th,23rd,0,0,18,23
2024,Malta,Malta,Portugal,9,7,18,9,16,1 point 11th,24th,1,0,11,24
2024,Malta,Malta,Serbia,23,15,11,23,18,20th,3 points 8th,0,3,20,8
2024,Malta,Malta,Slovenia,26,23,22,25,21,26th,25th,0,0,26,25
2024,Malta,Malta,Spain,25,19,8,16,12,16th,16th,0,0,16,16
2024,Malta,Malta,Sweden,20,16,21,13,11,17th,1 point 10th,0,1,17,10
2024,Malta,Malta,Switzerland,1,1,2,1,1,12 points 1st,6 points 5th,12,6,1,5
2024,Malta,Malta,Ukraine,18,22,7,17,8,13th,12 points 1st,0,12,13,1
2024,Malta,Malta,United Kingdom,22,12,25,19,13,21st,17th,0,0,21,17
2024,Moldova,Moldova,Armenia,26,15,6,10,24,15th,1 point 10th,0,1,15,10
2024,Moldova,Moldova,Austria,17,22,25,19,17,24th,19th,0,0,24,19
2024,Moldova,Moldova,Croatia,1,7,24,3,3,8 points 3rd,7 points 4th,8,7,3,4
2024,Moldova,Moldova,Cyprus,23,9,8,18,8,12th,18th,0,0,12,18
2024,Moldova,Moldova,Estonia,16,25,18,25,16,23rd,15th,0,0,23,15
2024,Moldova,Moldova,Finland,13,24,23,26,25,25th,16th,0,0,25,16
2024,Moldova,Moldova,France,2,6,14,1,11,6 points 5th,6 points 5th,6,6,5,5
2024,Moldova,Moldova,Georgia,18,16,15,20,18,20th,17th,0,0,20,17
2024,Moldova,Moldova,Germany,11,17,21,11,6,14th,11th,0,0,14,11
2024,Moldova,Moldova,Greece,15,8,9,9,23,13th,3 points 8th,0,3,13,8
2024,Moldova,Moldova,Ireland,25,14,16,16,22,21st,2 points 9th,0,2,21,9
2024,Moldova,Moldova,Israel,7,4,4,8,15,3 points 8th,10 points 2nd,3,10,8,2
2024,Moldova,Moldova,Italy,3,2,1,12,9,10 points 2nd,4 points 7th,10,4,2,7
2024,Moldova,Moldova,Latvia,12,18,26,15,21,18th,20th,0,0,18,20
2024,Moldova,Moldova,Lithuania,20,5,10,4,2,5 points 6th,14th,5,0,6,14
2024,Moldova,Moldova,Luxembourg,9,13,5,14,5,2 points 9th,13th,2,0,9,13
2024,Moldova,Moldova,Norway,6,21,17,17,13,16th,12th,0,0,16,12
2024,Moldova,Moldova,Portugal,21,11,2,2,10,4 points 7th,25th,4,0,7,25
2024,Moldova,Moldova,Serbia,22,19,22,13,20,22nd,21st,0,0,22,21
2024,Moldova,Moldova,Slovenia,24,20,11,21,19,19th,24th,0,0,19,24
2024,Moldova,Moldova,Spain,19,23,19,24,26,26th,22nd,0,0,26,22
2024,Moldova,Moldova,Sweden,10,12,12,7,14,1 point 11th,8 points 3rd,1,8,11,3
2024,Moldova,Moldova,Switzerland,5,1,7,5,7,7 points 4th,5 points 6th,7,5,4,6
2024,Moldova,Moldova,Ukraine,4,3,3,6,1,12 points 1st,12 points 1st,12,12,1,1
2024,Moldova,Moldova,United Kingdom,8,26,13,23,12,17th,23rd,0,0,17,23
2024,Netherlands,Netherlands,Armenia,10,3,11,11,10,3 points 8th,3 points 8th,3,3,8,8
2024,Netherlands,Netherlands,Austria,7,10,7,24,24,13th,16th,0,0,13,16
2024,Netherlands,Netherlands,Croatia,4,13,2,10,12,7 points 4th,10 points 2nd,7,10,4,2
2024,Netherlands,Netherlands,Cyprus,14,23,8,23,19,20th,21st,0,0,20,21
2024,Netherlands,Netherlands,Estonia,24,24,3,19,22,15th,14th,0,0,15,14
2024,Netherlands,Netherlands,Finland,18,15,10,18,25,22nd,13th,0,0,22,13
2024,Netherlands,Netherlands,France,2,2,1,3,2,10 points 2nd,5 points 6th,10,5,2,6
2024,Netherlands,Netherlands,Georgia,21,14,9,15,20,19th,24th,0,0,19,24
2024,Netherlands,Netherlands,Germany,19,7,17,4,4,5 points 6th,18th,5,0,6,18
2024,Netherlands,Netherlands,Greece,5,16,19,21,13,16th,4 points 7th,0,4,16,7
2024,Netherlands,Netherlands,Ireland,11,17,24,25,6,17th,6 points 5th,0,6,17,5
2024,Netherlands,Netherlands,Israel,17,12,14,9,17,18th,12 points 1st,0,12,18,1
2024,Netherlands,Netherlands,Italy,3,4,13,14,9,6 points 5th,2 points 9th,6,2,5,9
2024,Netherlands,Netherlands,Latvia,23,9,12,7,8,1 point 10th,11th,1,0,10,11
2024,Netherlands,Netherlands,Lithuania,9,11,15,5,5,4 points 7th,1 point 10th,4,1,7,10
2024,Netherlands,Netherlands,Luxembourg,20,8,16,6,16,14th,20th,0,0,14,20
2024,Netherlands,Netherlands,Norway,13,25,20,13,23,24th,12th,0,0,24,12
2024,Netherlands,Netherlands,Portugal,12,20,21,1,3,8 points 3rd,17th,8,0,3,17
2024,Netherlands,Netherlands,Serbia,25,22,23,20,7,21st,22nd,0,0,21,22
2024,Netherlands,Netherlands,Slovenia,22,21,22,12,11,23rd,25th,0,0,23,25
2024,Netherlands,Netherlands,Spain,16,18,5,8,18,11th,15th,0,0,11,15
2024,Netherlands,Netherlands,Sweden,8,5,18,16,21,12th,19th,0,0,12,19
2024,Netherlands,Netherlands,Switzerland,1,1,4,2,1,12 points 1st,7 points 4th,12,7,1,4
2024,Netherlands,Netherlands,Ukraine,6,6,6,17,15,2 points 9th,8 points 3rd,2,8,9,3
2024,Netherlands,Netherlands,United Kingdom,15,19,25,22,14,25th,23rd,0,0,25,23
2024,Norway,Norway,Armenia,9,2,2,8,11,7 points 4th,12th,7,0,4,12
2024,Norway,Norway,Austria,19,7,19,10,24,15th,16th,0,0,15,16
2024,Norway,Norway,Croatia,22,22,5,15,8,13th,12 points 1st,0,12,13,1
2024,Norway,Norway,Cyprus,14,18,17,21,23,23rd,17th,0,0,23,17
2024,Norway,Norway,Estonia,24,10,14,22,13,18th,14th,0,0,18,14
2024,Norway,Norway,Finland,23,24,22,25,22,25th,1 point 10th,0,1,25,10
2024,Norway,Norway,France,10,1,8,1,4,10 points 2nd,7 points 4th,10,7,2,4
2024,Norway,Norway,Georgia,12,23,15,3,9,1 point 10th,22nd,1,0,10,22
2024,Norway,Norway,Germany,8,3,4,12,6,6 points 5th,15th,6,0,5,15
2024,Norway,Norway,Greece,4,14,10,6,18,2 points 9th,18th,2,0,9,18
2024,Norway,Norway,Ireland,16,11,25,24,25,20th,4 points 7th,0,4,20,7
2024,Norway,Norway,Israel,2,6,3,23,2,8 points 3rd,5 points 6th,8,5,3,6
2024,Norway,Norway,Italy,3,17,7,2,15,5 points 6th,11th,5,0,6,11
2024,Norway,Norway,Latvia,5,20,9,18,7,11th,2 points 9th,0,2,11,9
2024,Norway,Norway,Lithuania,20,25,18,13,17,21st,3 points 8th,0,3,21,8
2024,Norway,Norway,Luxembourg,11,12,11,19,14,16th,20th,0,0,16,20
2024,Norway,Norway,Portugal,7,15,16,4,21,12th,23rd,0,0,12,23
2024,Norway,Norway,Serbia,18,21,13,20,20,22nd,19th,0,0,22,19
2024,Norway,Norway,Slovenia,15,19,20,16,16,19th,24th,0,0,19,24
2024,Norway,Norway,Spain,21,13,23,9,12,17th,13th,0,0,17,13
2024,Norway,Norway,Sweden,13,8,12,5,5,3 points 8th,10 points 2nd,3,10,8,2
2024,Norway,Norway,Switzerland,1,4,1,7,1,12 points 1st,6 points 5th,12,6,1,5
2024,Norway,Norway,Ukraine,6,9,6,14,3,4 points 7th,8 points 3rd,4,8,7,3
2024,Norway,Norway,United Kingdom,17,16,24,17,19,24th,21st,0,0,24,21
2024,Poland,Poland,Armenia,16,19,23,24,20,24th,11th,0,0,24,11
2024,Poland,Poland,Austria,23,22,20,12,22,22nd,16th,0,0,22,16
2024,Poland,Poland,Croatia,6,10,2,1,10,8 points 3rd,10 points 2nd,8,10,3,2
2024,Poland,Poland,Cyprus,14,7,18,14,14,15th,20th,0,0,15,20
2024,Poland,Poland,Estonia,22,24,24,22,24,26th,13th,0,0,26,13
2024,Poland,Poland,Finland,26,25,26,15,26,25th,1 point 10th,0,1,25,10
2024,Poland,Poland,France,9,21,3,11,6,3 points 8th,7 points 4th,3,7,8,4
2024,Poland,Poland,Georgia,19,17,22,13,19,21st,22nd,0,0,21,22
2024,Poland,Poland,Germany,5,8,19,7,4,4 points 7th,14th,4,0,7,14
2024,Poland,Poland,Greece,15,23,11,17,18,20th,17th,0,0,20,17
2024,Poland,Poland,Ireland,11,18,7,21,5,1 point 11th,6 points 5th,1,6,11,5
2024,Poland,Poland,Israel,8,26,25,18,21,19th,5 points 6th,0,5,19,6
2024,Poland,Poland,Italy,4,4,4,3,11,7 points 4th,4 points 7th,7,4,4,7
2024,Poland,Poland,Latvia,18,2,17,8,15,2 points 9th,18th,2,0,9,18
2024,Poland,Poland,Lithuania,7,15,8,19,9,13th,3 points 8th,0,3,13,8
2024,Poland,Poland,Luxembourg,17,6,16,20,12,14th,21st,0,0,14,21
2024,Poland,Poland,Norway,20,11,13,16,17,18th,12th,0,0,18,12
2024,Poland,Poland,Portugal,3,9,6,23,3,6 points 5th,25th,6,0,5,25
2024,Poland,Poland,Serbia,13,13,15,26,13,17th,24th,0,0,17,24
2024,Poland,Poland,Slovenia,24,14,21,25,16,23rd,23rd,0,0,23,23
2024,Poland,Poland,Spain,25,20,9,10,23,16th,15th,0,0,16,15
2024,Poland,Poland,Sweden,12,3,10,5,7,5 points 6th,2 points 9th,5,2,6,9
2024,Poland,Poland,Switzerland,1,1,1,4,1,12 points 1st,8 points 3rd,12,8,1,3
2024,Poland,Poland,Ukraine,2,5,5,6,2,10 points 2nd,12 points 1st,10,12,2,1
2024,Poland,Poland,United Kingdom,10,12,12,9,8,12th,19th,0,0,12,19
2024,Portugal,Portugal,Armenia,3,1,2,3,3,8 points 3rd,2 points 9th,8,2,3,9
2024,Portugal,Portugal,Austria,20,22,24,24,24,25th,21st,0,0,25,21
2024,Portugal,Portugal,Croatia,23,24,19,21,8,20th,7 points 4th,0,7,20,4
2024,Portugal,Portugal,Cyprus,6,14,21,11,19,12th,1 point 10th,0,1,12,10
2024,Portugal,Portugal,Estonia,16,21,6,17,25,14th,19th,0,0,14,19
2024,Portugal,Portugal,Finland,24,17,11,20,11,18th,14th,0,0,18,14
2024,Portugal,Portugal,France,18,12,17,19,12,19th,8 points 3rd,0,8,19,3
2024,Portugal,Portugal,Georgia,19,23,20,23,23,24th,23rd,0,0,24,23
2024,Portugal,Portugal,Germany,10,9,13,7,14,2 points 9th,20th,2,0,9,20
2024,Portugal,Portugal,Greece,17,20,23,25,16,22nd,13th,0,0,22,13
2024,Portugal,Portugal,Ireland,1,3,3,2,1,10 points 2nd,5 points 6th,10,5,2,6
2024,Portugal,Portugal,Israel,25,25,25,16,22,23rd,12 points 1st,0,12,23,1
2024,Portugal,Portugal,Italy,11,7,9,6,4,5 points 6th,4 points 7th,5,4,6,7
2024,Portugal,Portugal,Latvia,8,13,22,15,21,15th,16th,0,0,15,16
2024,Portugal,Portugal,Lithuania,9,4,5,4,6,7 points 4th,12th,7,0,4,12
2024,Portugal,Portugal,Luxembourg,12,16,14,8,9,11th,11th,0,0,11,11
2024,Portugal,Portugal,Norway,13,19,16,22,18,21st,15th,0,0,21,15
2024,Portugal,Portugal,Serbia,15,10,15,5,13,1 point 10th,22nd,1,0,10,22
2024,Portugal,Portugal,Slovenia,14,15,18,9,20,16th,24th,0,0,16,24
2024,Portugal,Portugal,Spain,21,11,7,13,17,13th,3 points 8th,0,3,13,8
2024,Portugal,Portugal,Sweden,5,8,10,12,7,3 points 8th,18th,3,0,8,18
2024,Portugal,Portugal,Switzerland,2,2,1,1,2,12 points 1st,6 points 5th,12,6,1,5
2024,Portugal,Portugal,Ukraine,7,6,4,10,5,6 points 5th,10 points 2nd,6,10,5,2
2024,Portugal,Portugal,United Kingdom,4,5,8,14,15,4 points 7th,17th,4,0,7,17
2024,San Marino,San Marino,Armenia,4,3,4,16,16,8 points 4th,11th,8,0,4,11
2024,San Marino,San Marino,Austria,21,26,10,10,9,18th,19th,0,0,18,19
2024,San Marino,San Marino,Croatia,12,25,24,7,4,13th,8 points 3rd,0,8,13,3
2024,San Marino,San Marino,Cyprus,14,15,17,4,7,3 points 9th,4 points 7th,3,4,9,7
2024,San Marino,San Marino,Estonia,23,22,25,18,10,23rd,20th,0,0,23,20
2024,San Marino,San Marino,Finland,18,19,16,6,3,4 points 8th,16th,4,0,8,16
2024,San Marino,San Marino,France,19,12,7,11,19,17th,6 points 5th,0,6,17,5
2024,San Marino,San Marino,Georgia,22,24,18,13,25,25th,15th,0,0,25,15
2024,San Marino,San Marino,Germany,25,7,22,3,20,1 point 11th,23rd,1,0,11,23
2024,San Marino,San Marino,Greece,17,14,6,23,17,19th,7 points 4th,0,7,19,4
2024,San Marino,San Marino,Ireland,10,6,9,9,2,7 points 5th,2 points 9th,7,2,5,9
2024,San Marino,San Marino,Israel,11,21,26,26,26,24th,12 points 1st,0,12,24,1
2024,San Marino,San Marino,Italy,1,1,11,5,1,10 points 2nd,3 points 8th,10,3,2,8
2024,San Marino,San Marino,Latvia,13,13,15,20,13,20th,12th,0,0,20,12
2024,San Marino,San Marino,Lithuania,5,16,8,15,23,14th,1 point 10th,0,1,14,10
2024,San Marino,San Marino,Luxembourg,7,9,21,12,11,15th,18th,0,0,15,18
2024,San Marino,San Marino,Norway,8,8,5,19,22,12th,22nd,0,0,12,22
2024,San Marino,San Marino,Portugal,6,2,19,21,21,5 points 7th,24th,5,0,7,24
2024,San Marino,San Marino,Serbia,9,17,23,24,24,22nd,17th,0,0,22,17
2024,San Marino,San Marino,Slovenia,24,20,20,22,18,26th,25th,0,0,26,25
2024,San Marino,San Marino,Spain,3,23,14,8,8,6 points 6th,13th,6,0,6,13
2024,San Marino,San Marino,Sweden,16,11,3,14,14,2 points 10th,14th,2,0,10,14
2024,San Marino,San Marino,Switzerland,2,4,1,1,6,12 points 1st,5 points 6th,12,5,1,6
2024,San Marino,San Marino,Ukraine,26,5,13,25,12,16th,10 points 2nd,0,10,16,2
2024,San Marino,San Marino,United Kingdom,15,18,12,17,15,21st,21st,0,0,21,21
2024,Serbia,Serbia,Armenia,15,9,7,15,15,14th,1 point 10th,0,1,14,10
2024,Serbia,Serbia,Austria,21,24,21,19,23,23rd,12th,0,0,23,12
2024,Serbia,Serbia,Croatia,1,1,2,2,1,12 points 1st,12 points 1st,12,12,1,1
2024,Serbia,Serbia,Cyprus,7,21,10,17,13,15th,13th,0,0,15,13
2024,Serbia,Serbia,Estonia,22,22,16,24,24,22nd,15th,0,0,22,15
2024,Serbia,Serbia,Finland,20,12,19,12,16,19th,17th,0,0,19,17
2024,Serbia,Serbia,France,3,5,1,9,18,8 points 3rd,10 points 2nd,8,10,3,2
2024,Serbia,Serbia,Georgia,5,17,20,21,8,13th,21st,0,0,13,21
2024,Serbia,Serbia,Germany,10,14,13,20,19,18th,22nd,0,0,18,22
2024,Serbia,Serbia,Greece,18,8,17,10,4,3 points 9th,8 points 3rd,3,8,9,3
2024,Serbia,Serbia,Ireland,25,6,15,6,9,2 points 10th,7 points 4th,2,7,10,4
2024,Serbia,Serbia,Israel,23,16,25,25,25,24th,3 points 8th,0,3,24,8
2024,Serbia,Serbia,Italy,11,4,5,11,5,6 points 5th,4 points 7th,6,4,5,7
2024,Serbia,Serbia,Latvia,19,15,18,14,20,21st,23rd,0,0,21,23
2024,Serbia,Serbia,Lithuania,4,11,11,3,7,7 points 4th,19th,7,0,4,19
2024,Serbia,Serbia,Luxembourg,8,23,12,23,21,17th,16th,0,0,17,16
2024,Serbia,Serbia,Norway,14,18,23,16,12,20th,18th,0,0,20,18
2024,Serbia,Serbia,Portugal,6,20,6,13,14,12th,20th,0,0,12,20
2024,Serbia,Serbia,Slovenia,24,19,22,22,22,25th,2 points 9th,0,2,25,9
2024,Serbia,Serbia,Spain,12,13,8,18,17,16th,14th,0,0,16,14
2024,Serbia,Serbia,Sweden,9,3,14,7,11,5 points 7th,5 points 6th,5,5,7,6
2024,Serbia,Serbia,Switzerland,2,2,4,1,2,10 points 2nd,6 points 5th,10,6,2,5
2024,Serbia,Serbia,Ukraine,16,25,24,4,6,1 point 11th,11th,1,0,11,11
2024,Serbia,Serbia,United Kingdom,13,10,3,8,10,4 points 8th,24th,4,0,8,24
2024,Slovenia,Slovenia,Armenia,4,13,10,4,3,7 points 4th,14th,7,0,4,14
2024,Slovenia,Slovenia,Austria,22,17,24,20,21,23rd,12th,0,0,23,12
2024,Slovenia,Slovenia,Croatia,10,5,1,12,12,6 points 5th,12 points 1st,6,12,5,1
2024,Slovenia,Slovenia,Cyprus,11,14,21,10,13,13th,6 points 5th,0,6,13,5
2024,Slovenia,Slovenia,Estonia,20,22,14,17,19,19th,17th,0,0,19,17
2024,Slovenia,Slovenia,Finland,19,24,23,13,18,20th,15th,0,0,20,15
2024,Slovenia,Slovenia,France,2,2,3,2,1,12 points 1st,7 points 4th,12,7,1,4
2024,Slovenia,Slovenia,Georgia,21,10,22,19,14,16th,23rd,0,0,16,23
2024,Slovenia,Slovenia,Germany,14,18,20,14,15,17th,20th,0,0,17,20
2024,Slovenia,Slovenia,Greece,6,15,13,5,5,2 points 9th,16th,2,0,9,16
2024,Slovenia,Slovenia,Ireland,9,9,11,15,4,1 point 10th,2 points 9th,1,2,10,9
2024,Slovenia,Slovenia,Israel,18,12,18,18,17,18th,10 points 2nd,0,10,18,2
2024,Slovenia,Slovenia,Italy,7,7,6,8,8,3 points 8th,3 points 8th,3,3,8,8
2024,Slovenia,Slovenia,Latvia,17,19,19,16,23,21st,21st,0,0,21,21
2024,Slovenia,Slovenia,Lithuania,15,20,7,23,22,14th,11th,0,0,14,11
2024,Slovenia,Slovenia,Luxembourg,5,4,9,9,7,5 points 6th,18th,5,0,6,18
2024,Slovenia,Slovenia,Norway,23,23,16,22,20,22nd,19th,0,0,22,19
2024,Slovenia,Slovenia,Portugal,1,1,5,1,10,8 points 3rd,24th,8,0,3,24
2024,Slovenia,Slovenia,Serbia,8,6,4,7,9,4 points 7th,5 points 6th,4,5,7,6
2024,Slovenia,Slovenia,Spain,24,25,25,24,25,25th,13th,0,0,25,13
2024,Slovenia,Slovenia,Sweden,12,8,12,11,11,12th,1 point 10th,0,1,12,10
2024,Slovenia,Slovenia,Switzerland,3,3,2,3,2,10 points 2nd,4 points 7th,10,4,2,7
2024,Slovenia,Slovenia,Ukraine,16,11,15,21,16,15th,8 points 3rd,0,8,15,3
2024,Slovenia,Slovenia,United Kingdom,25,21,17,25,24,24th,22nd,0,0,24,22
2024,Spain,Spain,Armenia,20,7,18,9,22,18th,3 points 8th,0,3,18,8
2024,Spain,Spain,Austria,8,1,13,6,18,6 points 5th,13th,6,0,5,13
2024,Spain,Spain,Croatia,18,9,10,23,20,19th,8 points 3rd,0,8,19,3
2024,Spain,Spain,Cyprus,9,6,11,8,23,12th,20th,0,0,12,20
2024,Spain,Spain,Estonia,25,24,25,22,15,24th,21st,0,0,24,21
2024,Spain,Spain,Finland,22,2,24,15,11,11th,12th,0,0,11,12
2024,Spain,Spain,France,4,22,2,13,4,7 points 4th,5 points 6th,7,5,4,6
2024,Spain,Spain,Georgia,6,16,17,18,12,17th,17th,0,0,17,17
2024,Spain,Spain,Germany,2,15,12,16,3,5 points 6th,19th,5,0,6,19
2024,Spain,Spain,Greece,17,14,22,12,17,21st,2 points 9th,0,2,21,9
2024,Spain,Spain,Ireland,11,4,4,3,2,10 points 2nd,7 points 4th,10,7,2,4
2024,Spain,Spain,Israel,3,25,21,25,25,15th,12 points 1st,0,12,15,1
2024,Spain,Spain,Italy,10,8,6,10,10,1 point 10th,4 points 7th,1,4,10,7
2024,Spain,Spain,Latvia,1,19,7,17,7,4 points 7th,15th,4,0,7,15
2024,Spain,Spain,Lithuania,21,18,8,5,16,13th,1 point 10th,0,1,13,10
2024,Spain,Spain,Luxembourg,7,11,15,20,9,14th,14th,0,0,14,14
2024,Spain,Spain,Norway,24,17,23,21,24,25th,22nd,0,0,25,22
2024,Spain,Spain,Portugal,14,21,3,7,6,3 points 8th,11th,3,0,8,11
2024,Spain,Spain,Serbia,15,20,14,14,14,20th,23rd,0,0,20,23
2024,Spain,Spain,Slovenia,23,13,16,19,13,23rd,24th,0,0,23,24
2024,Spain,Spain,Sweden,16,3,5,1,21,8 points 3rd,18th,8,0,3,18
2024,Spain,Spain,Switzerland,5,5,1,2,1,12 points 1st,6 points 5th,12,6,1,5
2024,Spain,Spain,Ukraine,12,12,20,24,19,22nd,10 points 2nd,0,10,22,2
2024,Spain,Spain,United Kingdom,13,10,9,4,8,2 points 9th,16th,2,0,9,16
2024,Sweden,Sweden,Armenia,20,5,12,16,9,14th,2 points 9th,0,2,14,9
2024,Sweden,Sweden,Austria,2,19,15,11,13,1 point 10th,17th,1,0,10,17
2024,Sweden,Sweden,Croatia,1,2,13,9,11,10 points 2nd,10 points 2nd,10,10,2,2
2024,Sweden,Sweden,Cyprus,10,9,14,3,15,2 points 9th,18th,2,0,9,18
2024,Sweden,Sweden,Estonia,24,22,25,25,23,25th,15th,0,0,25,15
2024,Sweden,Sweden,Finland,11,12,6,8,12,11th,5 points 6th,0,5,11,6
2024,Sweden,Sweden,France,13,8,5,20,1,5 points 6th,6 points 5th,5,6,6,5
2024,Sweden,Sweden,Georgia,25,11,19,17,14,21st,22nd,0,0,21,22
2024,Sweden,Sweden,Germany,15,18,9,12,6,15th,16th,0,0,15,16
2024,Sweden,Sweden,Greece,22,6,10,24,16,18th,14th,0,0,18,14
2024,Sweden,Sweden,Ireland,17,4,20,7,21,12th,4 points 7th,0,4,12,7
2024,Sweden,Sweden,Israel,16,17,7,14,7,16th,12 points 1st,0,12,16,1
2024,Sweden,Sweden,Italy,12,7,2,10,3,7 points 4th,1 point 10th,7,1,4,10
2024,Sweden,Sweden,Latvia,18,20,21,23,10,23rd,11th,0,0,23,11
2024,Sweden,Sweden,Lithuania,8,24,23,4,18,13th,3 points 8th,0,3,13,8
2024,Sweden,Sweden,Luxembourg,9,14,4,5,4,6 points 5th,21st,6,0,5,21
2024,Sweden,Sweden,Norway,14,13,22,13,20,20th,12th,0,0,20,12
2024,Sweden,Sweden,Portugal,23,21,3,19,2,4 points 7th,23rd,4,0,7,23
2024,Sweden,Sweden,Serbia,19,23,18,22,19,24th,19th,0,0,24,19
2024,Sweden,Sweden,Slovenia,21,10,16,21,25,22nd,24th,0,0,22,24
2024,Sweden,Sweden,Spain,7,15,11,18,22,19th,13th,0,0,19,13
2024,Sweden,Sweden,Switzerland,6,1,1,1,5,12 points 1st,7 points 4th,12,7,1,4
2024,Sweden,Sweden,Ukraine,3,16,8,6,17,3 points 8th,8 points 3rd,3,8,8,3
2024,Sweden,Sweden,United Kingdom,5,3,17,2,8,8 points 3rd,20th,8,0,3,20
2024,Switzerland,Switzerland,Armenia,5,10,3,17,8,4 points 7th,1 point 10th,4,1,7,10
2024,Switzerland,Switzerland,Austria,24,15,17,15,24,24th,12th,0,0,24,12
2024,Switzerland,Switzerland,Croatia,2,14,10,3,3,8 points 3rd,10 points 2nd,8,10,3,2
2024,Switzerland,Switzerland,Cyprus,20,16,21,2,20,12th,20th,0,0,12,20
2024,Switzerland,Switzerland,Estonia,14,4,15,18,22,13th,18th,0,0,13,18
2024,Switzerland,Switzerland,Finland,6,19,20,24,25,21st,16th,0,0,21,16
2024,Switzerland,Switzerland,France,10,8,9,1,11,5 points 6th,7 points 4th,5,7,6,4
2024,Switzerland,Switzerland,Georgia,13,25,22,6,10,16th,23rd,0,0,16,23
2024,Switzerland,Switzerland,Germany,17,20,24,4,14,14th,3 points 8th,0,3,14,8
2024,Switzerland,Switzerland,Greece,4,2,1,10,5,12 points 1st,4 points 7th,12,4,1,7
2024,Switzerland,Switzerland,Ireland,3,3,7,9,1,10 points 2nd,11th,10,0,2,11
2024,Switzerland,Switzerland,Israel,25,21,25,8,13,22nd,12 points 1st,0,12,22,1
2024,Switzerland,Switzerland,Italy,7,7,8,5,4,6 points 5th,8 points 3rd,6,8,5,3
2024,Switzerland,Switzerland,Latvia,21,17,16,20,21,25th,14th,0,0,25,14
2024,Switzerland,Switzerland,Lithuania,15,24,6,21,15,18th,15th,0,0,18,15
2024,Switzerland,Switzerland,Luxembourg,23,12,19,23,7,20th,17th,0,0,20,17
2024,Switzerland,Switzerland,Norway,18,6,14,11,17,15th,21st,0,0,15,21
2024,Switzerland,Switzerland,Portugal,16,18,2,7,2,7 points 4th,2 points 9th,7,2,4,9
2024,Switzerland,Switzerland,Serbia,11,11,11,12,16,17th,5 points 6th,0,5,17,6
2024,Switzerland,Switzerland,Slovenia,22,13,18,13,19,23rd,24th,0,0,23,24
2024,Switzerland,Switzerland,Spain,19,1,23,25,23,1 point 11th,13th,1,0,11,13
2024,Switzerland,Switzerland,Sweden,8,23,12,19,12,19th,19th,0,0,19,19
2024,Switzerland,Switzerland,Ukraine,12,9,4,16,9,2 points 10th,6 points 5th,2,6,10,5
2024,Switzerland,Switzerland,United Kingdom,9,5,13,14,6,3 points 9th,22nd,3,0,9,22
2024,Ukraine,Ukraine,Armenia,19,16,18,16,9,15th,1 point 10th,0,1,15,10
2024,Ukraine,Ukraine,Austria,25,19,24,12,18,18th,20th,0,0,18,20
2024,Ukraine,Ukraine,Croatia,8,7,9,5,2,4 points 7th,10 points 2nd,4,10,7,2
2024,Ukraine,Ukraine,Cyprus,23,13,22,9,14,14th,18th,0,0,14,18
2024,Ukraine,Ukraine,Estonia,17,22,21,19,24,25th,4 points 7th,0,4,25,7
2024,Ukraine,Ukraine,Finland,9,11,17,15,13,12th,2 points 9th,0,2,12,9
2024,Ukraine,Ukraine,France,4,2,5,10,11,6 points 5th,6 points 5th,6,6,5,5
2024,Ukraine,Ukraine,Georgia,16,20,23,21,19,23rd,19th,0,0,23,19
2024,Ukraine,Ukraine,Germany,3,5,13,3,8,7 points 4th,15th,7,0,4,15
2024,Ukraine,Ukraine,Greece,15,18,25,22,17,20th,21st,0,0,20,21
2024,Ukraine,Ukraine,Ireland,5,3,1,2,6,10 points 2nd,8 points 3rd,10,8,2,3
2024,Ukraine,Ukraine,Israel,18,25,20,20,16,22nd,11th,0,0,22,11
2024,Ukraine,Ukraine,Italy,14,8,4,11,4,2 points 9th,12th,2,0,9,12
2024,Ukraine,Ukraine,Latvia,10,15,8,13,15,11th,5 points 6th,0,5,11,6
2024,Ukraine,Ukraine,Lithuania,7,6,3,7,5,5 points 6th,7 points 4th,5,7,6,4
2024,Ukraine,Ukraine,Luxembourg,21,10,10,6,7,1 point 10th,13th,1,0,10,13
2024,Ukraine,Ukraine,Norway,12,14,14,23,23,16th,3 points 8th,0,3,16,8
2024,Ukraine,Ukraine,Portugal,6,9,7,8,3,3 points 8th,22nd,3,0,8,22
2024,Ukraine,Ukraine,Serbia,11,21,16,24,22,17th,24th,0,0,17,24
2024,Ukraine,Ukraine,Slovenia,24,17,15,25,21,21st,23rd,0,0,21,23
2024,Ukraine,Ukraine,Spain,20,23,12,18,25,19th,17th,0,0,19,17
2024,Ukraine,Ukraine,Sweden,2,4,6,4,10,8 points 3rd,16th,8,0,3,16
2024,Ukraine,Ukraine,Switzerland,1,1,2,1,1,12 points 1st,12 points 1st,12,12,1,1
2024,Ukraine,Ukraine,United Kingdom,13,12,11,14,12,13th,14th,0,0,13,14
2024,United Kingdom,United Kingdom,Armenia,20,9,14,12,15,17th,14th,0,0,17,14
2024,United Kingdom,United Kingdom,Austria,22,8,19,18,9,16th,15th,0,0,16,15
2024,United Kingdom,United Kingdom,Croatia,3,4,13,13,1,8 points 3rd,7 points 4th,8,7,3,4
2024,United Kingdom,United Kingdom,Cyprus,13,13,8,9,7,1 point 10th,13th,1,0,10,13
2024,United Kingdom,United Kingdom,Estonia,25,18,21,24,16,23rd,16th,0,0,23,16
2024,United Kingdom,United Kingdom,Finland,19,14,23,23,13,22nd,3 points 8th,0,3,22,8
2024,United Kingdom,United Kingdom,France,16,25,25,17,10,20th,2 points 9th,0,2,20,9
2024,United Kingdom,United Kingdom,Georgia,15,21,12,15,19,19th,22nd,0,0,19,22
2024,United Kingdom,United Kingdom,Germany,11,20,10,3,12,2 points 9th,17th,2,0,9,17
2024,United Kingdom,United Kingdom,Greece,21,22,18,21,11,21st,1 point 10th,0,1,21,10
2024,United Kingdom,United Kingdom,Ireland,12,1,15,8,4,7 points 4th,10 points 2nd,7,10,4,2
2024,United Kingdom,United Kingdom,Israel,17,23,9,6,24,15th,12 points 1st,0,12,15,1
2024,United Kingdom,United Kingdom,Italy,7,7,4,4,18,5 points 6th,12th,5,0,6,12
2024,United Kingdom,United Kingdom,Latvia,4,6,7,7,23,3 points 8th,4 points 7th,3,4,8,7
2024,United Kingdom,United Kingdom,Lithuania,8,17,11,19,5,11th,8 points 3rd,0,8,11,3
2024,United Kingdom,United Kingdom,Luxembourg,6,15,5,5,8,4 points 7th,19th,4,0,7,19
2024,United Kingdom,United Kingdom,Norway,23,24,22,20,25,25th,20th,0,0,25,20
2024,United Kingdom,United Kingdom,Portugal,2,3,1,2,3,12 points 1st,21st,12,0,1,21
2024,United Kingdom,United Kingdom,Serbia,10,16,17,14,17,18th,23rd,0,0,18,23
2024,United Kingdom,United Kingdom,Slovenia,5,12,16,16,14,14th,24th,0,0,14,24
2024,United Kingdom,United Kingdom,Spain,24,19,20,22,22,24th,11th,0,0,24,11
2024,United Kingdom,United Kingdom,Sweden,9,5,3,11,6,6 points 5th,18th,6,0,5,18
2024,United Kingdom,United Kingdom,Switzerland,1,10,2,1,2,10 points 2nd,5 points 6th,10,5,2,6
2024,United Kingdom,United Kingdom,Ukraine,14,11,6,10,21,13th,6 points 5th,0,6,13,5